model,accuracy,precision,recall,f1
mistral-large-2407,0.891566265060241,0.8896441380495241,0.891566265060241,0.890431080921286
saiga_nemo_12b_gguf,0.7349397590361446,0.7563068967374714,0.7349397590361446,0.7439854656722126
qwen2.5-coder-7b-instruct,0.7831325301204819,0.7390079799718354,0.7831325301204819,0.7380790768708637
meta-llama-3.1-8b-instruct-abliterated,0.7831325301204819,0.7272051167633498,0.7831325301204819,0.7082686912031688
nvidia/llama-3.1-nemotron-70b-instruct,0.6626506024096386,0.7934192911998872,0.6626506024096386,0.692223439211391
vikhr-nemo-12b-instruct-r-21-09-24,0.42168674698795183,0.7101786456169505,0.42168674698795183,0.4453603889241175
yandexgpt-4-pro,0.21686746987951808,0.04703149949194368,0.21686746987951808,0.0772992961946797
