model,accuracy,precision,recall,f1
nvidia/llama-3.1-nemotron-70b-instruct,0.794392523364486,0.8081862236067843,0.794392523364486,0.8001094141782539
mistral-large-2407,0.7757009345794392,0.7687355750820215,0.7757009345794392,0.7719226348143335
saiga_nemo_12b_gguf,0.7102803738317757,0.7056674496476585,0.7102803738317757,0.7079184255316534
qwen2.5-coder-7b-instruct,0.6635514018691588,0.7842911115529927,0.6635514018691588,0.6931909212283045
vikhr-nemo-12b-instruct-r-21-09-24,0.6261682242990654,0.6683115687923455,0.6261682242990654,0.6445136725510557
meta-llama-3.1-8b-instruct-abliterated,0.45794392523364486,0.685118619698059,0.45794392523364486,0.49695553667516285
yandexgpt-4-pro,0.29906542056074764,0.6747663551401869,0.29906542056074764,0.2650807136788445
GigaChat-Pro,0.2336448598130841,0.5680577403534746,0.2336448598130841,0.14258868455431617
