model,accuracy,precision,recall,f1
saiga_nemo_12b_gguf,0.8155339805825242,0.8391292581441765,0.8155339805825242,0.8252691135439455
mistral-large-2407,0.7669902912621359,0.8798563815228068,0.7669902912621359,0.7966693500674084
vikhr-nemo-12b-instruct-r-21-09-24,0.7281553398058253,0.8588184426712787,0.7281553398058253,0.7638581350896119
nvidia/llama-3.1-nemotron-70b-instruct,0.6990291262135923,0.7908967533145421,0.6990291262135923,0.7328596539776203
qwen2.5-coder-7b-instruct,0.5242718446601942,0.8039145986536623,0.5242718446601942,0.5845402174141298
meta-llama-3.1-8b-instruct-abliterated,0.4368932038834951,0.8245366284201237,0.4368932038834951,0.48698351772409126
GigaChat,0.2815533980582524,0.7065051926524814,0.2815533980582524,0.3039539440371618
yandexgpt-4-pro,0.24271844660194175,0.7388764417890632,0.24271844660194175,0.2268583989741711
